issn,issued_year,n,year_founded,year_reverse_flipped,journal_name,publisher,lag,lags,pct_change
0003-486X,2006,52,1884,2008,Annals of Mathematics,Department of Mathematics at  Princeton University  with the cooperation of the Institute for Advanced Study,-2,NA,0
0003-486X,2007,46,1884,2008,Annals of Mathematics,Department of Mathematics at  Princeton University  with the cooperation of the Institute for Advanced Study,-1,52,-0.11538461538461539
0003-486X,2008,50,1884,2008,Annals of Mathematics,Department of Mathematics at  Princeton University  with the cooperation of the Institute for Advanced Study,0,46,0.08695652173913043
0003-486X,2009,65,1884,2008,Annals of Mathematics,Department of Mathematics at  Princeton University  with the cooperation of the Institute for Advanced Study,1,50,0.3
0003-486X,2010,98,1884,2008,Annals of Mathematics,Department of Mathematics at  Princeton University  with the cooperation of the Institute for Advanced Study,2,65,0.5076923076923077
0003-6862,2009,93,1966,2011,Applied Entomology and Zoology,Springer Nature,-2,NA,0
0003-6862,2010,109,1966,2011,Applied Entomology and Zoology,Springer Nature,-1,93,0.17204301075268819
0003-6862,2011,69,1966,2011,Applied Entomology and Zoology,Springer Nature,0,109,-0.3669724770642202
0003-6862,2012,66,1966,2011,Applied Entomology and Zoology,Springer Nature,1,69,-0.043478260869565216
0003-6862,2013,85,1966,2011,Applied Entomology and Zoology,Springer Nature,2,66,0.2878787878787879
0018-8646,2008,61,1957,2010,IBM Journal of Research and Development,IEEE,-2,NA,0
0018-8646,2009,81,1957,2010,IBM Journal of Research and Development,IEEE,-1,61,0.32786885245901637
0018-8646,2010,78,1957,2010,IBM Journal of Research and Development,IEEE,0,81,-0.037037037037037035
0018-8646,2011,85,1957,2010,IBM Journal of Research and Development,IEEE,1,78,0.08974358974358974
0018-8646,2012,73,1957,2010,IBM Journal of Research and Development,IEEE,2,85,-0.1411764705882353
0019-5456,2009,298,1934,2011,Indian Journal of Pediatrics,Springer Nature,-2,NA,0
0019-5456,2010,347,1934,2011,Indian Journal of Pediatrics,Springer Nature,-1,298,0.1644295302013423
0019-5456,2011,326,1934,2011,Indian Journal of Pediatrics,Springer Nature,0,347,-0.06051873198847262
0019-5456,2012,291,1934,2011,Indian Journal of Pediatrics,Springer Nature,1,326,-0.10736196319018405
0019-5456,2013,364,1934,2011,Indian Journal of Pediatrics,Springer Nature,2,291,0.2508591065292096
0022-3131,2010,274,1964,2012,Journal of Nuclear Science and Technology,Taylor & Francis,-2,NA,0
0022-3131,2011,333,1964,2012,Journal of Nuclear Science and Technology,Taylor & Francis,-1,274,0.21532846715328466
0022-3131,2012,118,1964,2012,Journal of Nuclear Science and Technology,Taylor & Francis,0,333,-0.6456456456456456
0022-3131,2013,148,1964,2012,Journal of Nuclear Science and Technology,Taylor & Francis,1,118,0.2542372881355932
0022-3131,2014,192,1964,2012,Journal of Nuclear Science and Technology,Taylor & Francis,2,148,0.2972972972972973
0025-7273,2010,132,1957,2012,Medical History,Cambridge University Press,-2,NA,0
0025-7273,2011,143,1957,2012,Medical History,Cambridge University Press,-1,132,0.08333333333333333
0025-7273,2012,96,1957,2012,Medical History,Cambridge University Press,0,143,-0.32867132867132864
0025-7273,2013,102,1957,2012,Medical History,Cambridge University Press,1,96,0.0625
0025-7273,2014,76,1957,2012,Medical History,Cambridge University Press,2,102,-0.2549019607843137
0027-7630,2008,27,1950,2010,Nagoya Mathematical Journal,Duke University Press,-2,NA,0
0027-7630,2009,27,1950,2010,Nagoya Mathematical Journal,Duke University Press,-1,27,0
0027-7630,2010,55,1950,2010,Nagoya Mathematical Journal,Duke University Press,0,27,1.037037037037037
0027-7630,2011,52,1950,2010,Nagoya Mathematical Journal,Duke University Press,1,55,-0.05454545454545454
0027-7630,2012,39,1950,2010,Nagoya Mathematical Journal,Duke University Press,2,52,-0.25
0028-3843,2012,89,1967,2014,Neurologia i Neurochirurgia Polska,Elsevier,-2,NA,0
0028-3843,2013,85,1967,2014,Neurologia i Neurochirurgia Polska,Elsevier,-1,89,-0.0449438202247191
0028-3843,2014,83,1967,2014,Neurologia i Neurochirurgia Polska,Elsevier,0,85,-0.023529411764705882
0028-3843,2015,86,1967,2014,Neurologia i Neurochirurgia Polska,Elsevier,1,83,0.03614457831325301
0028-3843,2016,98,1967,2014,Neurologia i Neurochirurgia Polska,Elsevier,2,86,0.13953488372093023
0035-8835,2008,125,2003,2010,Journal of the Royal College of Surgeons of Edinburgh,Elsevier,-2,NA,0
0035-8835,2009,125,2003,2010,Journal of the Royal College of Surgeons of Edinburgh,Elsevier,-1,125,0
0035-8835,2010,98,2003,2010,Journal of the Royal College of Surgeons of Edinburgh,Elsevier,0,125,-0.216
0035-8835,2011,110,2003,2010,Journal of the Royal College of Surgeons of Edinburgh,Elsevier,1,98,0.12244897959183673
0035-8835,2012,86,2003,2010,Journal of the Royal College of Surgeons of Edinburgh,Elsevier,2,110,-0.21818181818181817
0036-9330,2009,99,1956,2011,Scottish Medical Journal,Royal Society of Medicine Press,-2,NA,0
0036-9330,2010,96,1956,2011,Scottish Medical Journal,Royal Society of Medicine Press,-1,99,-0.030303030303030304
0036-9330,2011,107,1956,2011,Scottish Medical Journal,Royal Society of Medicine Press,0,96,0.11458333333333333
0036-9330,2012,82,1956,2011,Scottish Medical Journal,Royal Society of Medicine Press,1,107,-0.2336448598130841
0036-9330,2013,101,1956,2011,Scottish Medical Journal,Royal Society of Medicine Press,2,82,0.23170731707317074
0103-9733,2009,122,1971,2011,Brazilian Journal of Physics,Springer Nature,-2,NA,0
0103-9733,2010,70,1971,2011,Brazilian Journal of Physics,Springer Nature,-1,122,-0.4262295081967213
0103-9733,2011,54,1971,2011,Brazilian Journal of Physics,Springer Nature,0,70,-0.22857142857142856
0103-9733,2012,54,1971,2011,Brazilian Journal of Physics,Springer Nature,1,54,0
0103-9733,2013,62,1971,2011,Brazilian Journal of Physics,Springer Nature,2,54,0.14814814814814814
0210-4806,2010,486,1977,2012,Actas Urologicas Espanolas,Elsevier,-2,NA,0
0210-4806,2011,236,1977,2012,Actas Urologicas Espanolas,Elsevier,-1,486,-0.51440329218107
0210-4806,2012,118,1977,2012,Actas Urologicas Espanolas,Elsevier,0,236,-0.5
0210-4806,2013,107,1977,2012,Actas Urologicas Espanolas,Elsevier,1,118,-0.09322033898305085
0210-4806,2014,115,1977,2012,Actas Urologicas Espanolas,Elsevier,2,107,0.07476635514018691
0210-5691,2011,149,1977,2013,Medicina Intensiva,Elsevier,-2,NA,0
0210-5691,2012,143,1977,2013,Medicina Intensiva,Elsevier,-1,149,-0.040268456375838924
0210-5691,2013,112,1977,2013,Medicina Intensiva,Elsevier,0,143,-0.21678321678321677
0210-5691,2014,113,1977,2013,Medicina Intensiva,Elsevier,1,112,0.008928571428571428
0210-5691,2015,115,1977,2013,Medicina Intensiva,Elsevier,2,113,0.017699115044247787
0251-3625,2007,28,1965,2009,DISP,"NSL - Netzwerk, Stadt und Landschaft",-2,NA,0
0251-3625,2008,27,1965,2009,DISP,"NSL - Netzwerk, Stadt und Landschaft",-1,28,-0.03571428571428571
0251-3625,2009,32,1965,2009,DISP,"NSL - Netzwerk, Stadt und Landschaft",0,27,0.18518518518518517
0251-3625,2010,53,1965,2009,DISP,"NSL - Netzwerk, Stadt und Landschaft",1,32,0.65625
0251-3625,2011,47,1965,2009,DISP,"NSL - Netzwerk, Stadt und Landschaft",2,53,-0.11320754716981132
0253-2964,2013,764,1980,2015,Bulletin of the Korean Chemical Society,Wiley,-2,NA,0
0253-2964,2014,687,1980,2015,Bulletin of the Korean Chemical Society,Wiley,-1,764,-0.10078534031413612
0253-2964,2015,454,1980,2015,Bulletin of the Korean Chemical Society,Wiley,0,687,-0.33915574963609896
0253-2964,2016,406,1980,2015,Bulletin of the Korean Chemical Society,Wiley,1,454,-0.10572687224669604
0253-2964,2017,314,1980,2015,Bulletin of the Korean Chemical Society,Wiley,2,406,-0.22660098522167488
0253-6269,2007,240,1978,2009,Archives of Pharmacal Research,Springer Nature,-2,NA,0
0253-6269,2008,243,1978,2009,Archives of Pharmacal Research,Springer Nature,-1,240,0.0125
0253-6269,2009,235,1978,2009,Archives of Pharmacal Research,Springer Nature,0,243,-0.03292181069958848
0253-6269,2010,255,1978,2009,Archives of Pharmacal Research,Springer Nature,1,235,0.0851063829787234
0253-6269,2011,262,1978,2009,Archives of Pharmacal Research,Springer Nature,2,255,0.027450980392156862
0256-4602,2012,53,1984,2014,IETE Technical Review,Taylor & Francis,-2,NA,0
0256-4602,2013,64,1984,2014,IETE Technical Review,Taylor & Francis,-1,53,0.20754716981132076
0256-4602,2014,61,1984,2014,IETE Technical Review,Taylor & Francis,0,64,-0.046875
0256-4602,2015,93,1984,2014,IETE Technical Review,Taylor & Francis,1,61,0.5245901639344263
0256-4602,2016,85,1984,2014,IETE Technical Review,Taylor & Francis,2,93,-0.08602150537634409
0289-0003,2003,188,1984,2005,Zoological Science,Zoological Society of Japan,-2,NA,0
0289-0003,2004,187,1984,2005,Zoological Science,Zoological Society of Japan,-1,188,-0.005319148936170213
0289-0003,2005,180,1984,2005,Zoological Science,Zoological Society of Japan,0,187,-0.0374331550802139
0289-0003,2006,152,1984,2005,Zoological Science,Zoological Society of Japan,1,180,-0.15555555555555556
0289-0003,2007,155,1984,2005,Zoological Science,Zoological Society of Japan,2,152,0.019736842105263157
0300-8932,2012,292,1948,2014,Revista Espanola de Cardiologia,Elsevier,-2,NA,0
0300-8932,2013,279,1948,2014,Revista Espanola de Cardiologia,Elsevier,-1,292,-0.04452054794520548
0300-8932,2014,308,1948,2014,Revista Espanola de Cardiologia,Elsevier,0,279,0.1039426523297491
0300-8932,2015,332,1948,2014,Revista Espanola de Cardiologia,Elsevier,1,308,0.07792207792207792
0300-8932,2016,363,1948,2014,Revista Espanola de Cardiologia,Elsevier,2,332,0.09337349397590361
0311-6999,2009,22,1974,2011,Australian Educational Researcher,Springer Nature,-2,NA,0
0311-6999,2010,30,1974,2011,Australian Educational Researcher,Springer Nature,-1,22,0.36363636363636365
0311-6999,2011,38,1974,2011,Australian Educational Researcher,Springer Nature,0,30,0.26666666666666666
0311-6999,2012,34,1974,2011,Australian Educational Researcher,Springer Nature,1,38,-0.10526315789473684
0311-6999,2013,56,1974,2011,Australian Educational Researcher,Springer Nature,2,34,0.6470588235294118
0313-5926,2012,24,1971,2014,Economic Analysis and Policy,Elsevier,-2,NA,0
0313-5926,2013,21,1971,2014,Economic Analysis and Policy,Elsevier,-1,24,-0.125
0313-5926,2014,42,1971,2014,Economic Analysis and Policy,Elsevier,0,21,1
0313-5926,2015,41,1971,2014,Economic Analysis and Policy,Elsevier,1,42,-0.023809523809523808
0313-5926,2016,49,1971,2014,Economic Analysis and Policy,Elsevier,2,41,0.1951219512195122
0365-6691,2011,212,1926,2013,Archivos de la Sociedad Espanola de Oftalmologia,Elsevier,-2,NA,0
0365-6691,2012,146,1926,2013,Archivos de la Sociedad Espanola de Oftalmologia,Elsevier,-1,212,-0.3113207547169811
0365-6691,2013,156,1926,2013,Archivos de la Sociedad Espanola de Oftalmologia,Elsevier,0,146,0.0684931506849315
0365-6691,2014,175,1926,2013,Archivos de la Sociedad Espanola de Oftalmologia,Elsevier,1,156,0.12179487179487179
0365-6691,2015,194,1926,2013,Archivos de la Sociedad Espanola de Oftalmologia,Elsevier,2,175,0.10857142857142857
0377-2063,2012,72,1955,2014,IETE Journal of Research,Taylor & Francis,-2,NA,0
0377-2063,2013,102,1955,2014,IETE Journal of Research,Taylor & Francis,-1,72,0.4166666666666667
0377-2063,2014,59,1955,2014,IETE Journal of Research,Taylor & Francis,0,102,-0.4215686274509804
0377-2063,2015,131,1955,2014,IETE Journal of Research,Taylor & Francis,1,59,1.2203389830508475
0377-2063,2016,69,1955,2014,IETE Journal of Research,Taylor & Francis,2,131,-0.4732824427480916
0385-5600,2006,115,1957,2008,Microbiology and Immunology,Wiley,-2,NA,0
0385-5600,2007,140,1957,2008,Microbiology and Immunology,Wiley,-1,115,0.21739130434782608
0385-5600,2008,88,1957,2008,Microbiology and Immunology,Wiley,0,140,-0.37142857142857144
0385-5600,2009,99,1957,2008,Microbiology and Immunology,Wiley,1,88,0.125
0385-5600,2010,111,1957,2008,Microbiology and Immunology,Wiley,2,99,0.12121212121212122
0706-7437,2013,135,1956,2015,Canadian Journal of Psychiatry,Sage,-2,NA,0
0706-7437,2014,120,1956,2015,Canadian Journal of Psychiatry,Sage,-1,135,-0.1111111111111111
0706-7437,2015,109,1956,2015,Canadian Journal of Psychiatry,Sage,0,120,-0.09166666666666666
0706-7437,2016,152,1956,2015,Canadian Journal of Psychiatry,Sage,1,109,0.3944954128440367
0706-7437,2017,119,1956,2015,Canadian Journal of Psychiatry,Sage,2,152,-0.21710526315789475
0791-7945,2007,18,1902,2009,Biology and Environment,Royal Irish Academy,-2,NA,0
0791-7945,2008,18,1902,2009,Biology and Environment,Royal Irish Academy,-1,18,0
0791-7945,2009,32,1902,2009,Biology and Environment,Royal Irish Academy,0,18,0.7777777777777778
0791-7945,2010,11,1902,2009,Biology and Environment,Royal Irish Academy,1,32,-0.65625
0791-7945,2011,26,1902,2009,Biology and Environment,Royal Irish Academy,2,11,1.3636363636363635
0823-2105,2014,53,1984,2016,Canadian bulletin of medical history = Bulletin canadien dhistoire de la medecine,University of Toronto Press,-2,NA,0
0823-2105,2015,48,1984,2016,Canadian bulletin of medical history = Bulletin canadien dhistoire de la medecine,University of Toronto Press,-1,53,-0.09433962264150944
0823-2105,2016,55,1984,2016,Canadian bulletin of medical history = Bulletin canadien dhistoire de la medecine,University of Toronto Press,0,48,0.14583333333333334
0823-2105,2017,66,1984,2016,Canadian bulletin of medical history = Bulletin canadien dhistoire de la medecine,University of Toronto Press,1,55,0.2
0823-2105,2018,51,1984,2016,Canadian bulletin of medical history = Bulletin canadien dhistoire de la medecine,University of Toronto Press,2,66,-0.22727272727272727
0914-7187,2006,117,1987,2008,Annals of Nuclear Medicine,Springer Nature,-2,NA,0
0914-7187,2007,90,1987,2008,Annals of Nuclear Medicine,Springer Nature,-1,117,-0.23076923076923078
0914-7187,2008,129,1987,2008,Annals of Nuclear Medicine,Springer Nature,0,90,0.43333333333333335
0914-7187,2009,127,1987,2008,Annals of Nuclear Medicine,Springer Nature,1,129,-0.015503875968992248
0914-7187,2010,128,1987,2008,Annals of Nuclear Medicine,Springer Nature,2,127,0.007874015748031496
0916-9636,2007,170,1978,2009,Hypertension Research,Springer Nature,-2,NA,0
0916-9636,2008,279,1978,2009,Hypertension Research,Springer Nature,-1,170,0.6411764705882353
0916-9636,2009,245,1978,2009,Hypertension Research,Springer Nature,0,279,-0.12186379928315412
0916-9636,2010,276,1978,2009,Hypertension Research,Springer Nature,1,245,0.12653061224489795
0916-9636,2011,246,1978,2009,Hypertension Research,Springer Nature,2,276,-0.10869565217391304
0917-2394,2011,27,1991,2013,Pediatric Dental Journal,Elsevier,-2,NA,0
0917-2394,2012,28,1991,2013,Pediatric Dental Journal,Elsevier,-1,27,0.037037037037037035
0917-2394,2013,19,1991,2013,Pediatric Dental Journal,Elsevier,0,28,-0.32142857142857145
0917-2394,2014,35,1991,2013,Pediatric Dental Journal,Elsevier,1,19,0.8421052631578947
0917-2394,2015,15,1991,2013,Pediatric Dental Journal,Elsevier,2,35,-0.5714285714285714
0970-1915,2011,86,1986,2013,Indian Journal of Clinical Biochemistry,Springer Nature,-2,NA,0
0970-1915,2012,107,1986,2013,Indian Journal of Clinical Biochemistry,Springer Nature,-1,86,0.2441860465116279
0970-1915,2013,114,1986,2013,Indian Journal of Clinical Biochemistry,Springer Nature,0,107,0.06542056074766354
0970-1915,2014,63,1986,2013,Indian Journal of Clinical Biochemistry,Springer Nature,1,114,-0.4473684210526316
0970-1915,2015,70,1986,2013,Indian Journal of Clinical Biochemistry,Springer Nature,2,63,0.1111111111111111
0973-0508,2012,42,2004,2014,Indian Journal of Neurotrauma,Elsevier,-2,NA,0
0973-0508,2013,36,2004,2014,Indian Journal of Neurotrauma,Elsevier,-1,42,-0.14285714285714285
0973-0508,2014,45,2004,2014,Indian Journal of Neurotrauma,Elsevier,0,36,0.25
0973-0508,2015,51,2004,2014,Indian Journal of Neurotrauma,Elsevier,1,45,0.13333333333333333
0973-0508,2016,40,2004,2014,Indian Journal of Neurotrauma,Elsevier,2,51,-0.21568627450980393
1001-0602,2003,51,1990,2005,Cell Research,Springer Nature,-2,NA,0
1001-0602,2004,61,1990,2005,Cell Research,Springer Nature,-1,51,0.19607843137254902
1001-0602,2005,122,1990,2005,Cell Research,Springer Nature,0,61,1
1001-0602,2006,129,1990,2005,Cell Research,Springer Nature,1,122,0.05737704918032787
1001-0602,2007,142,1990,2005,Cell Research,Springer Nature,2,129,0.10077519379844961
1012-8255,2014,23,1988,2016,Academia Revista Latinoamericana de Administracion,Emerald,-2,NA,0
1012-8255,2015,29,1988,2016,Academia Revista Latinoamericana de Administracion,Emerald,-1,23,0.2608695652173913
1012-8255,2016,27,1988,2016,Academia Revista Latinoamericana de Administracion,Emerald,0,29,-0.06896551724137931
1012-8255,2017,34,1988,2016,Academia Revista Latinoamericana de Administracion,Emerald,1,27,0.25925925925925924
1012-8255,2018,41,1988,2016,Academia Revista Latinoamericana de Administracion,Emerald,2,34,0.20588235294117646
1029-3523,2013,12,1972,2015,Investment Analysts Journal,Taylor & Francis,-2,NA,0
1029-3523,2014,14,1972,2015,Investment Analysts Journal,Taylor & Francis,-1,12,0.16666666666666666
1029-3523,2015,12,1972,2015,Investment Analysts Journal,Taylor & Francis,0,14,-0.14285714285714285
1029-3523,2016,25,1972,2015,Investment Analysts Journal,Taylor & Francis,1,12,1.0833333333333333
1029-3523,2017,14,1972,2015,Investment Analysts Journal,Taylor & Francis,2,25,-0.44
1130-1473,2010,110,1990,2012,Neurocirugia,Elsevier,-2,NA,0
1130-1473,2011,118,1990,2012,Neurocirugia,Elsevier,-1,110,0.07272727272727272
1130-1473,2012,48,1990,2012,Neurocirugia,Elsevier,0,118,-0.5932203389830508
1130-1473,2013,49,1990,2012,Neurocirugia,Elsevier,1,48,0.020833333333333332
1130-1473,2014,46,1990,2012,Neurocirugia,Elsevier,2,49,-0.061224489795918366
1210-3055,2009,40,1991,2011,Human Affairs,Springer Nature,-2,NA,0
1210-3055,2010,39,1991,2011,Human Affairs,Springer Nature,-1,40,-0.025
1210-3055,2011,45,1991,2011,Human Affairs,Springer Nature,0,39,0.15384615384615385
1210-3055,2012,50,1991,2011,Human Affairs,Springer Nature,1,45,0.1111111111111111
1210-3055,2013,59,1991,2011,Human Affairs,Springer Nature,2,50,0.18
1214-021X,2012,22,2003,2014,Journal of Applied Biomedicine,Elsevier,-2,NA,0
1214-021X,2013,25,2003,2014,Journal of Applied Biomedicine,Elsevier,-1,22,0.13636363636363635
1214-021X,2014,39,2003,2014,Journal of Applied Biomedicine,Elsevier,0,25,0.56
1214-021X,2015,37,2003,2014,Journal of Applied Biomedicine,Elsevier,1,39,-0.05128205128205128
1214-021X,2016,41,2003,2014,Journal of Applied Biomedicine,Elsevier,2,37,0.10810810810810811
1234-1983,2009,59,1960,2011,Journal of Applied Genetics,Springer Nature,-2,NA,0
1234-1983,2010,85,1960,2011,Journal of Applied Genetics,Springer Nature,-1,59,0.4406779661016949
1234-1983,2011,57,1960,2011,Journal of Applied Genetics,Springer Nature,0,85,-0.32941176470588235
1234-1983,2012,51,1960,2011,Journal of Applied Genetics,Springer Nature,1,57,-0.10526315789473684
1234-1983,2013,58,1960,2011,Journal of Applied Genetics,Springer Nature,2,51,0.13725490196078433
1303-829X,2013,73,1976,2015,Turk Biyokimya Dergisi,De Gruyter,-2,NA,0
1303-829X,2014,86,1976,2015,Turk Biyokimya Dergisi,De Gruyter,-1,73,0.1780821917808219
1303-829X,2015,87,1976,2015,Turk Biyokimya Dergisi,De Gruyter,0,86,0.011627906976744186
1303-829X,2016,134,1976,2015,Turk Biyokimya Dergisi,De Gruyter,1,87,0.5402298850574713
1303-829X,2017,148,1976,2015,Turk Biyokimya Dergisi,De Gruyter,2,134,0.1044776119402985
1309-1042,2013,52,2010,2015,Atmospheric Pollution Research,Elsevier,-2,NA,0
1309-1042,2014,90,2010,2015,Atmospheric Pollution Research,Elsevier,-1,52,0.7307692307692307
1309-1042,2015,125,2010,2015,Atmospheric Pollution Research,Elsevier,0,90,0.3888888888888889
1309-1042,2016,125,2010,2015,Atmospheric Pollution Research,Elsevier,1,125,0
1309-1042,2017,120,2010,2015,Atmospheric Pollution Research,Elsevier,2,125,-0.04
1349-0540,2008,165,1970,2010,Polymer Journal,Springer Nature,-2,NA,0
1349-0540,2009,198,1970,2010,Polymer Journal,Springer Nature,-1,165,0.2
1349-0540,2010,160,1970,2010,Polymer Journal,Springer Nature,0,198,-0.1919191919191919
1349-0540,2011,148,1970,2010,Polymer Journal,Springer Nature,1,160,-0.075
1349-0540,2012,239,1970,2010,Polymer Journal,Springer Nature,2,148,0.6148648648648649
1364-0380,2004,43,1997,2006,Geometry & Topology,Mathematical Sciences Publishers (MSP),-2,NA,0
1364-0380,2005,54,1997,2006,Geometry & Topology,Mathematical Sciences Publishers (MSP),-1,43,0.2558139534883721
1364-0380,2006,59,1997,2006,Geometry & Topology,Mathematical Sciences Publishers (MSP),0,54,0.09259259259259259
1364-0380,2007,50,1997,2006,Geometry & Topology,Mathematical Sciences Publishers (MSP),1,59,-0.15254237288135594
1364-0380,2008,59,1997,2006,Geometry & Topology,Mathematical Sciences Publishers (MSP),2,50,0.18
1402-9251,2007,50,1994,2009,Journal of Nonlinear Mathematical Physics,Taylor & Francis,-2,NA,0
1402-9251,2008,103,1994,2009,Journal of Nonlinear Mathematical Physics,Taylor & Francis,-1,50,1.06
1402-9251,2009,51,1994,2009,Journal of Nonlinear Mathematical Physics,Taylor & Francis,0,103,-0.5048543689320388
1402-9251,2010,59,1994,2009,Journal of Nonlinear Mathematical Physics,Taylor & Francis,1,51,0.1568627450980392
1402-9251,2011,70,1994,2009,Journal of Nonlinear Mathematical Physics,Taylor & Francis,2,59,0.1864406779661017
1467-3037,2013,6,1999,2015,Current Issues in Molecular Biology,Caister Academic Press,-2,NA,0
1467-3037,2014,7,1999,2015,Current Issues in Molecular Biology,Caister Academic Press,-1,6,0.16666666666666666
1467-3037,2015,6,1999,2015,Current Issues in Molecular Biology,Caister Academic Press,0,7,-0.14285714285714285
1467-3037,2016,24,1999,2015,Current Issues in Molecular Biology,Caister Academic Press,1,6,3
1467-3037,2017,23,1999,2015,Current Issues in Molecular Biology,Caister Academic Press,2,24,-0.041666666666666664
1472-2747,2004,54,2001,2006,Algebraic & Geometric Topology (AGT),Mathematical Sciences Publishers (MSP),-2,NA,0
1472-2747,2005,70,2001,2006,Algebraic & Geometric Topology (AGT),Mathematical Sciences Publishers (MSP),-1,54,0.2962962962962963
1472-2747,2006,87,2001,2006,Algebraic & Geometric Topology (AGT),Mathematical Sciences Publishers (MSP),0,70,0.24285714285714285
1472-2747,2007,83,2001,2006,Algebraic & Geometric Topology (AGT),Mathematical Sciences Publishers (MSP),1,87,-0.04597701149425287
1472-2747,2008,90,2001,2006,Algebraic & Geometric Topology (AGT),Mathematical Sciences Publishers (MSP),2,83,0.08433734939759036
1473-8376,2010,26,2002,2012,"Journal of Hospitality, Leisure, Sports and Tourism Education",Elsevier,-2,NA,0
1473-8376,2011,29,2002,2012,"Journal of Hospitality, Leisure, Sports and Tourism Education",Elsevier,-1,26,0.11538461538461539
1473-8376,2012,22,2002,2012,"Journal of Hospitality, Leisure, Sports and Tourism Education",Elsevier,0,29,-0.2413793103448276
1473-8376,2013,41,2002,2012,"Journal of Hospitality, Leisure, Sports and Tourism Education",Elsevier,1,22,0.8636363636363636
1473-8376,2014,22,2002,2012,"Journal of Hospitality, Leisure, Sports and Tourism Education",Elsevier,2,41,-0.4634146341463415
1475-7516,2003,93,2003,2005,Journal of Cosmology and Astroparticle Physics,IOP Press,-2,NA,0
1475-7516,2004,144,2003,2005,Journal of Cosmology and Astroparticle Physics,IOP Press,-1,93,0.5483870967741935
1475-7516,2005,156,2003,2005,Journal of Cosmology and Astroparticle Physics,IOP Press,0,144,0.08333333333333333
1475-7516,2006,216,2003,2005,Journal of Cosmology and Astroparticle Physics,IOP Press,1,156,0.38461538461538464
1475-7516,2007,280,2003,2005,Journal of Cosmology and Astroparticle Physics,IOP Press,2,216,0.2962962962962963
1477-3880,2011,25,2003,2013,International Review of Economics Education,Elsevier,-2,NA,0
1477-3880,2012,19,2003,2013,International Review of Economics Education,Elsevier,-1,25,-0.24
1477-3880,2013,31,2003,2013,International Review of Economics Education,Elsevier,0,19,0.631578947368421
1477-3880,2014,40,2003,2013,International Review of Economics Education,Elsevier,1,31,0.2903225806451613
1477-3880,2015,22,2003,2013,International Review of Economics Education,Elsevier,2,40,-0.45
1499-2671,2010,67,1977,2012,Canadian Journal of Diabetes,Elsevier,-2,NA,0
1499-2671,2011,346,1977,2012,Canadian Journal of Diabetes,Elsevier,-1,67,4.164179104477612
1499-2671,2012,365,1977,2012,Canadian Journal of Diabetes,Elsevier,0,346,0.05491329479768786
1499-2671,2013,888,1977,2012,Canadian Journal of Diabetes,Elsevier,1,365,1.4328767123287671
1499-2671,2014,337,1977,2012,Canadian Journal of Diabetes,Elsevier,2,888,-0.6204954954954955
1519-566X,2010,172,1972,2012,Neotropical Entomology,Springer Nature,-2,NA,0
1519-566X,2011,85,1972,2012,Neotropical Entomology,Springer Nature,-1,172,-0.5058139534883721
1519-566X,2012,97,1972,2012,Neotropical Entomology,Springer Nature,0,85,0.1411764705882353
1519-566X,2013,85,1972,2012,Neotropical Entomology,Springer Nature,1,97,-0.12371134020618557
1519-566X,2014,73,1972,2012,Neotropical Entomology,Springer Nature,2,85,-0.1411764705882353
1525-2019,2011,12,2e3,2013,Journal of Interactive Advertising,Taylor & Francis,-2,NA,0
1525-2019,2012,2,2e3,2013,Journal of Interactive Advertising,Taylor & Francis,-1,12,-0.8333333333333334
1525-2019,2013,11,2e3,2013,Journal of Interactive Advertising,Taylor & Francis,0,2,4.5
1525-2019,2014,11,2e3,2013,Journal of Interactive Advertising,Taylor & Francis,1,11,0
1525-2019,2015,13,2e3,2013,Journal of Interactive Advertising,Taylor & Francis,2,11,0.18181818181818182
1532-0073,2012,29,1999,2014,"Homology, Homotopy and Applications (HHA)",International Press of Boston,-2,NA,0
1532-0073,2013,37,1999,2014,"Homology, Homotopy and Applications (HHA)",International Press of Boston,-1,29,0.27586206896551724
1532-0073,2014,38,1999,2014,"Homology, Homotopy and Applications (HHA)",International Press of Boston,0,37,0.02702702702702703
1532-0073,2015,36,1999,2014,"Homology, Homotopy and Applications (HHA)",International Press of Boston,1,38,-0.05263157894736842
1532-0073,2016,42,1999,2014,"Homology, Homotopy and Applications (HHA)",International Press of Boston,2,36,0.16666666666666666
1546-3222,2008,143,2004,2010,Proceedings of the American Thoracic Society,American Thoracic Society,-2,NA,0
1546-3222,2009,109,2004,2010,Proceedings of the American Thoracic Society,American Thoracic Society,-1,143,-0.23776223776223776
1546-3222,2010,67,2004,2010,Proceedings of the American Thoracic Society,American Thoracic Society,0,109,-0.3853211009174312
1546-3222,2011,75,2004,2010,Proceedings of the American Thoracic Society,American Thoracic Society,1,67,0.11940298507462686
1546-3222,2012,70,2004,2010,Proceedings of the American Thoracic Society,American Thoracic Society,2,75,-0.06666666666666667
1548-159X,2013,17,2004,2015,Dynamics of Partial Differential Equations (DPDE),International Press of Boston,-2,NA,0
1548-159X,2014,18,2004,2015,Dynamics of Partial Differential Equations (DPDE),International Press of Boston,-1,17,0.058823529411764705
1548-159X,2015,17,2004,2015,Dynamics of Partial Differential Equations (DPDE),International Press of Boston,0,18,-0.05555555555555555
1548-159X,2016,16,2004,2015,Dynamics of Partial Differential Equations (DPDE),International Press of Boston,1,17,-0.058823529411764705
1548-159X,2017,17,2004,2015,Dynamics of Partial Differential Equations (DPDE),International Press of Boston,2,16,0.0625
1549-9243,2009,25,2005,2011,The New Educator (Online),Taylor & Francis,-2,NA,0
1549-9243,2010,23,2005,2011,The New Educator (Online),Taylor & Francis,-1,25,-0.08
1549-9243,2011,27,2005,2011,The New Educator (Online),Taylor & Francis,0,23,0.17391304347826086
1549-9243,2012,25,2005,2011,The New Educator (Online),Taylor & Francis,1,27,-0.07407407407407407
1549-9243,2013,27,2005,2011,The New Educator (Online),Taylor & Francis,2,25,0.08
1559-4106,2012,68,2006,2014,Biointerphases,American Institute of Physics,-2,NA,0
1559-4106,2013,37,2006,2014,Biointerphases,American Institute of Physics,-1,68,-0.45588235294117646
1559-4106,2014,49,2006,2014,Biointerphases,American Institute of Physics,0,37,0.32432432432432434
1559-4106,2015,98,2006,2014,Biointerphases,American Institute of Physics,1,49,1
1559-4106,2016,134,2006,2014,Biointerphases,American Institute of Physics,2,98,0.3673469387755102
1566-5399,2011,19,2001,2013,Ars Disputandi : the Online Journal for Philosophy of Religion,Taylor & Francis,-2,NA,0
1566-5399,2012,6,2001,2013,Ars Disputandi : the Online Journal for Philosophy of Religion,Taylor & Francis,-1,19,-0.6842105263157895
1566-5399,2013,47,2001,2013,Ars Disputandi : the Online Journal for Philosophy of Religion,Taylor & Francis,0,6,6.833333333333333
1566-5399,2014,45,2001,2013,Ars Disputandi : the Online Journal for Philosophy of Religion,Taylor & Francis,1,47,-0.0425531914893617
1566-5399,2015,49,2001,2013,Ars Disputandi : the Online Journal for Philosophy of Religion,Taylor & Francis,2,45,0.08888888888888889
1609-4840,2010,24,2001,2012,Computational Methods in Applied Mathematics,De Gruyter,-2,NA,0
1609-4840,2011,25,2001,2012,Computational Methods in Applied Mathematics,De Gruyter,-1,24,0.041666666666666664
1609-4840,2012,31,2001,2012,Computational Methods in Applied Mathematics,De Gruyter,0,25,0.24
1609-4840,2013,29,2001,2012,Computational Methods in Applied Mathematics,De Gruyter,1,31,-0.06451612903225806
1609-4840,2014,33,2001,2012,Computational Methods in Applied Mathematics,De Gruyter,2,29,0.13793103448275862
1618-7229,2011,91,2001,2013,e-Polymers,De Gruyter,-2,NA,0
1618-7229,2012,91,2001,2013,e-Polymers,De Gruyter,-1,91,0
1618-7229,2013,36,2001,2013,e-Polymers,De Gruyter,0,91,-0.6043956043956044
1618-7229,2014,67,2001,2013,e-Polymers,De Gruyter,1,36,0.8611111111111112
1618-7229,2015,59,2001,2013,e-Polymers,De Gruyter,2,67,-0.11940298507462686
1672-1977,2011,209,2003,2013,Zhong xi yi jie he xue bao = Journal of Chinese integrative medicine,Elsevier,-2,NA,0
1672-1977,2012,206,2003,2013,Zhong xi yi jie he xue bao = Journal of Chinese integrative medicine,Elsevier,-1,209,-0.014354066985645933
1672-1977,2013,58,2003,2013,Zhong xi yi jie he xue bao = Journal of Chinese integrative medicine,Elsevier,0,206,-0.7184466019417476
1672-1977,2014,55,2003,2013,Zhong xi yi jie he xue bao = Journal of Chinese integrative medicine,Elsevier,1,58,-0.05172413793103448
1672-1977,2015,61,2003,2013,Zhong xi yi jie he xue bao = Journal of Chinese integrative medicine,Elsevier,2,55,0.10909090909090909
1678-5878,2011,58,1979,2013,Journal of the Brazilian Society of Mechanical Sciences and Engineering,Springer Nature,-2,NA,0
1678-5878,2012,56,1979,2013,Journal of the Brazilian Society of Mechanical Sciences and Engineering,Springer Nature,-1,58,-0.034482758620689655
1678-5878,2013,117,1979,2013,Journal of the Brazilian Society of Mechanical Sciences and Engineering,Springer Nature,0,56,1.0892857142857142
1678-5878,2014,168,1979,2013,Journal of the Brazilian Society of Mechanical Sciences and Engineering,Springer Nature,1,117,0.4358974358974359
1678-5878,2015,177,1979,2013,Journal of the Brazilian Society of Mechanical Sciences and Engineering,Springer Nature,2,168,0.05357142857142857
1699-8855,2008,59,1968,2010,Revista Espanola de Patologia,Elsevier,-2,NA,0
1699-8855,2009,57,1968,2010,Revista Espanola de Patologia,Elsevier,-1,59,-0.03389830508474576
1699-8855,2010,67,1968,2010,Revista Espanola de Patologia,Elsevier,0,57,0.17543859649122806
1699-8855,2011,46,1968,2010,Revista Espanola de Patologia,Elsevier,1,67,-0.31343283582089554
1699-8855,2012,46,1968,2010,Revista Espanola de Patologia,Elsevier,2,46,0
1703-289X,2009,24,2002,2011,Journal of Religion and Popular Culture,University of Toronto Press,-2,NA,0
1703-289X,2010,25,2002,2011,Journal of Religion and Popular Culture,University of Toronto Press,-1,24,0.041666666666666664
1703-289X,2011,29,2002,2011,Journal of Religion and Popular Culture,University of Toronto Press,0,25,0.16
1703-289X,2012,85,2002,2011,Journal of Religion and Popular Culture,University of Toronto Press,1,29,1.9310344827586208
1703-289X,2013,46,2002,2011,Journal of Religion and Popular Culture,University of Toronto Press,2,85,-0.4588235294117647
1733-8387,2009,15,1983,2011,Geochronometria,Springer Nature,-2,NA,0
1733-8387,2010,26,1983,2011,Geochronometria,Springer Nature,-1,15,0.7333333333333333
1733-8387,2011,48,1983,2011,Geochronometria,Springer Nature,0,26,0.8461538461538461
1733-8387,2012,27,1983,2011,Geochronometria,Springer Nature,1,48,-0.4375
1733-8387,2013,40,1983,2011,Geochronometria,Springer Nature,2,27,0.48148148148148145
1734-1140,2012,240,1949,2014,Pharmacological Reports,Elsevier,-2,NA,0
1734-1140,2013,401,1949,2014,Pharmacological Reports,Elsevier,-1,240,0.6708333333333333
1734-1140,2014,185,1949,2014,Pharmacological Reports,Elsevier,0,401,-0.5386533665835411
1734-1140,2015,333,1949,2014,Pharmacological Reports,Elsevier,1,185,0.8
1734-1140,2016,202,1949,2014,Pharmacological Reports,Elsevier,2,333,-0.3933933933933934
1735-1472,2010,80,2004,2012,International Journal of Environmental Science and Technology,Springer Nature,-2,NA,0
1735-1472,2011,79,2004,2012,International Journal of Environmental Science and Technology,Springer Nature,-1,80,-0.0125
1735-1472,2012,115,2004,2012,International Journal of Environmental Science and Technology,Springer Nature,0,79,0.45569620253164556
1735-1472,2013,315,2004,2012,International Journal of Environmental Science and Technology,Springer Nature,1,115,1.7391304347826086
1735-1472,2014,273,2004,2012,International Journal of Environmental Science and Technology,Springer Nature,2,315,-0.13333333333333333
1735-207X,2010,137,2004,2012,Journal of the Iranian Chemical Society,Springer Nature,-2,NA,0
1735-207X,2011,140,2004,2012,Journal of the Iranian Chemical Society,Springer Nature,-1,137,0.021897810218978103
1735-207X,2012,194,2004,2012,Journal of the Iranian Chemical Society,Springer Nature,0,140,0.38571428571428573
1735-207X,2013,195,2004,2012,Journal of the Iranian Chemical Society,Springer Nature,1,194,0.005154639175257732
1735-207X,2014,174,2004,2012,Journal of the Iranian Chemical Society,Springer Nature,2,195,-0.1076923076923077
1735-8787,2013,32,2007,2015,Banach Journal of Mathematical Analysis,Duke University Press,-2,NA,0
1735-8787,2014,42,2007,2015,Banach Journal of Mathematical Analysis,Duke University Press,-1,32,0.3125
1735-8787,2015,80,2007,2015,Banach Journal of Mathematical Analysis,Duke University Press,0,42,0.9047619047619048
1735-8787,2016,48,2007,2015,Banach Journal of Mathematical Analysis,Duke University Press,1,80,-0.4
1735-8787,2017,48,2007,2015,Banach Journal of Mathematical Analysis,Duke University Press,2,48,0
1755-5345,2011,14,2008,2013,Journal of Choice Modelling,Elsevier,-2,NA,0
1755-5345,2012,14,2008,2013,Journal of Choice Modelling,Elsevier,-1,14,0
1755-5345,2013,23,2008,2013,Journal of Choice Modelling,Elsevier,0,14,0.6428571428571429
1755-5345,2014,25,2008,2013,Journal of Choice Modelling,Elsevier,1,23,0.08695652173913043
1755-5345,2015,22,2008,2013,Journal of Choice Modelling,Elsevier,2,25,-0.12
1806-9959,2011,57,1978,2013,Revista Brasileira de Botanica,Springer Nature,-2,NA,0
1806-9959,2012,45,1978,2013,Revista Brasileira de Botanica,Springer Nature,-1,57,-0.21052631578947367
1806-9959,2013,39,1978,2013,Revista Brasileira de Botanica,Springer Nature,0,45,-0.13333333333333333
1806-9959,2014,72,1978,2013,Revista Brasileira de Botanica,Springer Nature,1,39,0.8461538461538461
1806-9959,2015,127,1978,2013,Revista Brasileira de Botanica,Springer Nature,2,72,0.7638888888888888
1807-0302,2011,25,1982,2013,Computational and Applied Mathematics,Springer Nature,-2,NA,0
1807-0302,2012,26,1982,2013,Computational and Applied Mathematics,Springer Nature,-1,25,0.04
1807-0302,2013,100,1982,2013,Computational and Applied Mathematics,Springer Nature,0,26,2.8461538461538463
1807-0302,2014,101,1982,2013,Computational and Applied Mathematics,Springer Nature,1,100,0.01
1807-0302,2015,94,1982,2013,Computational and Applied Mathematics,Springer Nature,2,101,-0.06930693069306931
1838-0743,2011,24,2011,2013,Settler Colonial Studies,Taylor & Francis,-2,NA,0
1838-0743,2012,30,2011,2013,Settler Colonial Studies,Taylor & Francis,-1,24,0.25
1838-0743,2013,63,2011,2013,Settler Colonial Studies,Taylor & Francis,0,30,1.1
1838-0743,2014,44,2011,2013,Settler Colonial Studies,Taylor & Francis,1,63,-0.30158730158730157
1838-0743,2015,54,2011,2013,Settler Colonial Studies,Taylor & Francis,2,44,0.22727272727272727
1861-9541,2012,739,1956,2014,Chinese Science Bulletin,Springer Nature,-2,NA,0
1861-9541,2013,512,1956,2014,Chinese Science Bulletin,Springer Nature,-1,739,-0.3071718538565629
1861-9541,2014,603,1956,2014,Chinese Science Bulletin,Springer Nature,0,512,0.177734375
1861-9541,2015,315,1956,2014,Chinese Science Bulletin,Springer Nature,1,603,-0.47761194029850745
1861-9541,2016,275,1956,2014,Chinese Science Bulletin,Springer Nature,2,315,-0.12698412698412698
1878-450X,2014,8,2012,2016,International Journal of Gastronomy and Food Science,Elsevier,-2,NA,0
1878-450X,2015,9,2012,2016,International Journal of Gastronomy and Food Science,Elsevier,-1,8,0.125
1878-450X,2016,16,2012,2016,International Journal of Gastronomy and Food Science,Elsevier,0,9,0.7777777777777778
1878-450X,2017,29,2012,2016,International Journal of Gastronomy and Food Science,Elsevier,1,16,0.8125
1878-450X,2018,45,2012,2016,International Journal of Gastronomy and Food Science,Elsevier,2,29,0.5517241379310345
1895-6106,2010,16,2005,2012,Lodz Papers in Pragmatics,De Gruyter,-2,NA,0
1895-6106,2011,17,2005,2012,Lodz Papers in Pragmatics,De Gruyter,-1,16,0.0625
1895-6106,2012,19,2005,2012,Lodz Papers in Pragmatics,De Gruyter,0,17,0.11764705882352941
1895-6106,2013,20,2005,2012,Lodz Papers in Pragmatics,De Gruyter,1,19,0.05263157894736842
1895-6106,2014,18,2005,2012,Lodz Papers in Pragmatics,De Gruyter,2,20,-0.1
1896-1126,2012,55,1956,2014,Advances in Medical Sciences,Elsevier,-2,NA,0
1896-1126,2013,61,1956,2014,Advances in Medical Sciences,Elsevier,-1,55,0.10909090909090909
1896-1126,2014,57,1956,2014,Advances in Medical Sciences,Elsevier,0,61,-0.06557377049180328
1896-1126,2015,57,1956,2014,Advances in Medical Sciences,Elsevier,1,57,0
1896-1126,2016,57,1956,2014,Advances in Medical Sciences,Elsevier,2,57,0
1940-087X,2007,132,2006,2009,Journal of Visualized Experiments,MyJove Corp.,-2,NA,0
1940-087X,2008,115,2006,2009,Journal of Visualized Experiments,MyJove Corp.,-1,132,-0.12878787878787878
1940-087X,2009,219,2006,2009,Journal of Visualized Experiments,MyJove Corp.,0,115,0.9043478260869565
1940-087X,2010,364,2006,2009,Journal of Visualized Experiments,MyJove Corp.,1,219,0.6621004566210046
1940-087X,2011,632,2006,2009,Journal of Visualized Experiments,MyJove Corp.,2,364,0.7362637362637363
1948-822X,2012,21,2010,2014,Journal of the Society for Social Work and Research,University of Chicago Press,-2,NA,0
1948-822X,2013,25,2010,2014,Journal of the Society for Social Work and Research,University of Chicago Press,-1,21,0.19047619047619047
1948-822X,2014,23,2010,2014,Journal of the Society for Social Work and Research,University of Chicago Press,0,25,-0.08
1948-822X,2015,29,2010,2014,Journal of the Society for Social Work and Research,University of Chicago Press,1,23,0.2608695652173913
1948-822X,2016,38,2010,2014,Journal of the Society for Social Work and Research,University of Chicago Press,2,29,0.3103448275862069
1955-2629,2009,15,2007,2011,"Journal of Language Contact : Evolution of Languages, Contact and Discourse",Brill,-2,NA,0
1955-2629,2010,56,2007,2011,"Journal of Language Contact : Evolution of Languages, Contact and Discourse",Brill,-1,15,2.7333333333333334
1955-2629,2011,19,2007,2011,"Journal of Language Contact : Evolution of Languages, Contact and Discourse",Brill,0,56,-0.6607142857142857
1955-2629,2012,21,2007,2011,"Journal of Language Contact : Evolution of Languages, Contact and Discourse",Brill,1,19,0.10526315789473684
1955-2629,2013,23,2007,2011,"Journal of Language Contact : Evolution of Languages, Contact and Discourse",Brill,2,21,0.09523809523809523
1982-5676,2013,71,1976,2015,Tropical Plant Pathology,Springer Nature,-2,NA,0
1982-5676,2014,64,1976,2015,Tropical Plant Pathology,Springer Nature,-1,71,-0.09859154929577464
1982-5676,2015,62,1976,2015,Tropical Plant Pathology,Springer Nature,0,64,-0.03125
1982-5676,2016,54,1976,2015,Tropical Plant Pathology,Springer Nature,1,62,-0.12903225806451613
1982-5676,2017,82,1976,2015,Tropical Plant Pathology,Springer Nature,2,54,0.5185185185185185
1995-5855,2011,55,2007,2013,Vienna Journal on International Constitutional Law,De Gruyter,-2,NA,0
1995-5855,2012,33,2007,2013,Vienna Journal on International Constitutional Law,De Gruyter,-1,55,-0.4
1995-5855,2013,59,2007,2013,Vienna Journal on International Constitutional Law,De Gruyter,0,33,0.7878787878787878
1995-5855,2014,42,2007,2013,Vienna Journal on International Constitutional Law,De Gruyter,1,59,-0.288135593220339
1995-5855,2015,46,2007,2013,Vienna Journal on International Constitutional Law,De Gruyter,2,42,0.09523809523809523
2008-8752,2013,32,2010,2015,Annals of Functional Analysis,Duke University Press,-2,NA,0
2008-8752,2014,31,2010,2015,Annals of Functional Analysis,Duke University Press,-1,32,-0.03125
2008-8752,2015,80,2010,2015,Annals of Functional Analysis,Duke University Press,0,31,1.5806451612903225
2008-8752,2016,62,2010,2015,Annals of Functional Analysis,Duke University Press,1,80,-0.225
2008-8752,2017,48,2010,2015,Annals of Functional Analysis,Duke University Press,2,62,-0.22580645161290322
2168-6750,2013,39,2013,2015,IEEE Transactions on Emerging Topics in Computing,IEEE,-2,NA,0
2168-6750,2014,54,2013,2015,IEEE Transactions on Emerging Topics in Computing,IEEE,-1,39,0.38461538461538464
2168-6750,2015,69,2013,2015,IEEE Transactions on Emerging Topics in Computing,IEEE,0,54,0.2777777777777778
2168-6750,2016,85,2013,2015,IEEE Transactions on Emerging Topics in Computing,IEEE,1,69,0.2318840579710145
2168-6750,2017,147,2013,2015,IEEE Transactions on Emerging Topics in Computing,IEEE,2,85,0.7294117647058823
2190-7579,2014,22,1968,2016,Gold Bulletin,Springer Nature,-2,NA,0
2190-7579,2015,20,1968,2016,Gold Bulletin,Springer Nature,-1,22,-0.09090909090909091
2190-7579,2016,16,1968,2016,Gold Bulletin,Springer Nature,0,20,-0.2
2190-7579,2017,33,1968,2016,Gold Bulletin,Springer Nature,1,16,1.0625
2190-7579,2018,25,1968,2016,Gold Bulletin,Springer Nature,2,33,-0.24242424242424243
2212-6864,2013,25,2012,2015,Physics of the Dark Universe,Elsevier,-2,NA,0
2212-6864,2014,31,2012,2015,Physics of the Dark Universe,Elsevier,-1,25,0.24
2212-6864,2015,10,2012,2015,Physics of the Dark Universe,Elsevier,0,31,-0.6774193548387096
2212-6864,2016,48,2012,2015,Physics of the Dark Universe,Elsevier,1,10,3.8
2212-6864,2017,51,2012,2015,Physics of the Dark Universe,Elsevier,2,48,0.0625
2213-5383,2013,9,2013,2015,Journal of Cancer Policy,Elsevier,-2,NA,0
2213-5383,2014,14,2013,2015,Journal of Cancer Policy,Elsevier,-1,9,0.5555555555555556
2213-5383,2015,23,2013,2015,Journal of Cancer Policy,Elsevier,0,14,0.6428571428571429
2213-5383,2016,26,2013,2015,Journal of Cancer Policy,Elsevier,1,23,0.13043478260869565
2213-5383,2017,49,2013,2015,Journal of Cancer Policy,Elsevier,2,26,0.8846153846153846
2214-5400,2014,89,2013,2016,Meta Gene,Elsevier,-2,NA,0
2214-5400,2015,65,2013,2016,Meta Gene,Elsevier,-1,89,-0.2696629213483146
2214-5400,2016,86,2013,2016,Meta Gene,Elsevier,0,65,0.3230769230769231
2214-5400,2017,121,2013,2016,Meta Gene,Elsevier,1,86,0.4069767441860465
2214-5400,2018,198,2013,2016,Meta Gene,Elsevier,2,121,0.6363636363636364
2214-9937,2014,7,2014,2016,Sustainable Materials and Technologies,Elsevier,-2,NA,0
2214-9937,2015,12,2014,2016,Sustainable Materials and Technologies,Elsevier,-1,7,0.7142857142857143
2214-9937,2016,9,2014,2016,Sustainable Materials and Technologies,Elsevier,0,12,-0.25
2214-9937,2017,23,2014,2016,Sustainable Materials and Technologies,Elsevier,1,9,1.5555555555555556
2214-9937,2018,35,2014,2016,Sustainable Materials and Technologies,Elsevier,2,23,0.5217391304347826
2215-0382,2014,27,2014,2016,Colloid and Interface Science Communications,Elsevier,-2,NA,0
2215-0382,2015,24,2014,2016,Colloid and Interface Science Communications,Elsevier,-1,27,-0.1111111111111111
2215-0382,2016,21,2014,2016,Colloid and Interface Science Communications,Elsevier,0,24,-0.125
2215-0382,2017,27,2014,2016,Colloid and Interface Science Communications,Elsevier,1,21,0.2857142857142857
2215-0382,2018,58,2014,2016,Colloid and Interface Science Communications,Elsevier,2,27,1.1481481481481481
2215-1532,2014,9,2014,2016,"Environmental Nanotechnology, Monitoring and Management",Elsevier,-2,NA,0
2215-1532,2015,24,2014,2016,"Environmental Nanotechnology, Monitoring and Management",Elsevier,-1,9,1.6666666666666667
2215-1532,2016,40,2014,2016,"Environmental Nanotechnology, Monitoring and Management",Elsevier,0,24,0.6666666666666666
2215-1532,2017,53,2014,2016,"Environmental Nanotechnology, Monitoring and Management",Elsevier,1,40,0.325
2215-1532,2018,75,2014,2016,"Environmental Nanotechnology, Monitoring and Management",Elsevier,2,53,0.41509433962264153
2251-1717,2013,21,2012,2015,Journal of Astronomical Instrumentation,World Scientific Pub Co Pte Lt,-2,NA,0
2251-1717,2014,22,2012,2015,Journal of Astronomical Instrumentation,World Scientific Pub Co Pte Lt,-1,21,0.047619047619047616
2251-1717,2015,11,2012,2015,Journal of Astronomical Instrumentation,World Scientific Pub Co Pte Lt,0,22,-0.5
2251-1717,2016,36,2012,2015,Journal of Astronomical Instrumentation,World Scientific Pub Co Pte Lt,1,11,2.272727272727273
2251-1717,2017,27,2012,2015,Journal of Astronomical Instrumentation,World Scientific Pub Co Pte Lt,2,36,-0.25
